City and state, Rank based on resident population 2005, Median household income (dollars), Median family income  (dollars), Per capita income  (dollars), Individuals for  whom poverty status determined (number), Families for  whom poverty status determined (number), Total individual below povery level, Total familes below povery level, Percent individual below povery level, Percent familes below povery level
001,230.0,35246.0,42441.0,18544.0,104996.0,28742.0,21205.0,4382.0,20.19600747,15.24598149
002,96.0,32937.0,38362.0,19497.0,200094.0,49191.0,40183.0,8302.0,20.08206143,16.87707101
003,389.0,65758.0,75625.0,37196.0,76708.0,-1.0,7593.0,-1.0,9.89857642,-1.0
004,407.0,36532.0,40485.0,19799.0,73472.0,19799.0,15662.0,3608.0,21.31696429,18.22314258
005,377.0,33431.0,40757.0,22644.0,78228.0,16508.0,20719.0,3777.0,26.48540165,22.87981585
006,33.0,41820.0,54570.0,24576.0,485192.0,123804.0,66345.0,12198.0,13.67396824,9.85267035
007,173.0,66116.0,83934.0,47614.0,133245.0,-1.0,7800.0,-1.0,5.853878194,-1.0
008,395.0,47340.0,52332.0,22645.0,76309.0,-1.0,11428.0,-1.0,14.97595303,-1.0
009,429.0,82001.0,90137.0,33882.0,69839.0,-1.0,3909.0,-1.0,5.59715918,-1.0
010,229.0,33658.0,37787.0,18139.0,104346.0,25351.0,24047.0,5232.0,23.04544496,20.63823912
011,120.0,34996.0,42883.0,21487.0,176272.0,46396.0,26728.0,5652.0,15.16293002,12.18208466
012,53.0,52158.0,56478.0,20794.0,327068.0,71610.0,38309.0,6862.0,11.71285482,9.58246055
013,65.0,61217.0,72931.0,29581.0,264714.0,67825.0,25040.0,4541.0,9.459265471,6.695171397
014,255.0,45798.0,76543.0,30894.0,98689.0,-1.0,22004.0,-1.0,22.29630455,-1.0
015,237.0,65882.0,70390.0,24099.0,103202.0,-1.0,10262.0,-1.0,9.943605744,-1.0
016,469.0,51119.0,55429.0,22196.0,65180.0,-1.0,9842.0,-1.0,15.09972384,-1.0
017,435.0,52468.0,62821.0,26044.0,69343.0,-1.0,5598.0,-1.0,8.072912911,-1.0
018,274.0,46167.0,60480.0,30699.0,94042.0,23934.0,15045.0,2901.0,15.99817103,12.12083229
019,109.0,80433.0,106218.0,49025.0,191799.0,-1.0,15536.0,-1.0,8.100146508,-1.0
020,51.0,48992.0,56186.0,22693.0,348086.0,85646.0,46180.0,9028.0,13.26683636,10.54106438
021,380.0,81739.0,102393.0,39139.0,78001.0,-1.0,2090.0,-1.0,2.679452828,-1.0
022,231.0,61353.0,71614.0,28017.0,104658.0,-1.0,5933.0,-1.0,5.66894074,-1.0
023,401.0,38837.0,48635.0,27491.0,74699.0,-1.0,11159.0,-1.0,14.93862033,-1.0
024,276.0,29820.0,45746.0,19304.0,93568.0,18451.0,27913.0,3245.0,29.8317801,17.58712265
025,42.0,39752.0,42010.0,33590.0,394224.0,79649.0,105928.0,20349.0,26.87000284,25.54834336
026,116.0,37231.0,42761.0,19479.0,180110.0,48938.0,41196.0,9602.0,22.87268891,19.62074462
027,58.0,48309.0,56029.0,23060.0,290837.0,70685.0,38228.0,7588.0,13.14413228,10.73495084
028,126.0,55950.0,58218.0,23454.0,170053.0,40143.0,23195.0,4572.0,13.63986522,11.38928331
029,16.0,43731.0,60592.0,27760.0,674720.0,149801.0,122141.0,20689.0,18.10247214,13.81098925
030,476.0,53085.0,55071.0,19507.0,61580.0,-1.0,11999.0,-1.0,19.48522247,-1.0
031,60.0,45174.0,51601.0,20937.0,284523.0,65925.0,51617.0,9599.0,18.14159137,14.5604854
032,333.0,42432.0,41176.0,12713.0,84393.0,-1.0,16881.0,-1.0,20.00284384,-1.0
033,18.0,32456.0,41542.0,20749.0,603953.0,126274.0,136256.0,23836.0,22.56069595,18.87641161
034,91.0,31049.0,40516.0,20528.0,204672.0,50713.0,60605.0,12075.0,29.6107919,23.8104628
035,478.0,36700.0,48850.0,21352.0,61198.0,-1.0,9345.0,-1.0,15.27010687,-1.0
036,223.0,32183.0,43014.0,18663.0,107482.0,26740.0,24298.0,5305.0,22.60657598,19.83919222
037,341.0,50884.0,60797.0,26018.0,83447.0,-1.0,7264.0,-1.0,8.70492648,-1.0
038,207.0,69880.0,85732.0,40843.0,114561.0,31482.0,9647.0,1860.0,8.420841299,5.908137984
039,379.0,41507.0,43617.0,17762.0,77657.0,-1.0,11921.0,-1.0,15.35083766,-1.0
040,439.0,35612.0,54664.0,22801.0,69057.0,-1.0,15594.0,-1.0,22.58134584,-1.0
041,458.0,46838.0,57443.0,26977.0,65828.0,-1.0,3773.0,-1.0,5.731603573,-1.0
042,297.0,48123.0,74852.0,36954.0,89848.0,-1.0,18439.0,-1.0,20.5224379,-1.0
043,447.0,41599.0,51622.0,26114.0,67961.0,17870.0,7765.0,1708.0,11.42567061,9.557918299
044,284.0,38711.0,49192.0,23884.0,92460.0,23533.0,14823.0,2913.0,16.03179753,12.3783623
045,78.0,27020.0,32162.0,16129.0,221557.0,55859.0,64135.0,14858.0,28.94740405,26.59911563
046,482.0,51273.0,62932.0,28204.0,60686.0,-1.0,7385.0,-1.0,12.16919883,-1.0
047,492.0,22589.0,48347.0,20261.0,55406.0,-1.0,19959.0,-1.0,36.02317439,-1.0
048,369.0,54438.0,67088.0,30346.0,79990.0,-1.0,5246.0,-1.0,6.55831979,-1.0
049,406.0,55733.0,76713.0,48885.0,74304.0,-1.0,7912.0,-1.0,10.64814815,-1.0
050,111.0,46342.0,59693.0,24657.0,190036.0,50203.0,22446.0,3816.0,11.81144625,7.601139374
051,431.0,67810.0,76707.0,27138.0,69886.0,-1.0,3308.0,-1.0,4.733423003,-1.0
052,28.0,42562.0,49320.0,30167.0,519949.0,112656.0,116110.0,20086.0,22.33103631,17.82949865
053,342.0,46002.0,75945.0,32326.0,83284.0,-1.0,16308.0,-1.0,19.58119207,-1.0
054,488.0,39216.0,47212.0,24571.0,58611.0,-1.0,10844.0,-1.0,18.50164645,-1.0
055,301.0,51356.0,57638.0,22782.0,89829.0,23213.0,6372.0,1196.0,7.093477607,5.152285357
056,180.0,36976.0,44809.0,19333.0,131375.0,31741.0,23549.0,5111.0,17.92502379,16.1022022
057,289.0,47250.0,49443.0,20138.0,91431.0,-1.0,11104.0,-1.0,12.14467741,-1.0
058,330.0,54779.0,61886.0,23873.0,85039.0,23932.0,7926.0,1749.0,9.32042945,7.308206585
059,456.0,55460.0,64175.0,25316.0,66302.0,-1.0,6610.0,-1.0,9.969533347,-1.0
060,125.0,24207.0,24587.0,10669.0,171184.0,39322.0,72981.0,15518.0,42.63307318,39.46391333
061,490.0,30012.0,39794.0,16567.0,55950.0,-1.0,15599.0,-1.0,27.88025022,-1.0
062,397.0,58057.0,61922.0,23176.0,75669.0,-1.0,6204.0,-1.0,8.198866114,-1.0
063,67.0,27311.0,33027.0,17348.0,255506.0,61442.0,68607.0,14479.0,26.85142423,23.56531363
064,250.0,51516.0,70324.0,30654.0,99796.0,-1.0,10096.0,-1.0,10.11663794,-1.0
065,360.0,59746.0,79201.0,41519.0,81260.0,16660.0,12665.0,1330.0,15.58577406,7.983193277
066,411.0,18007.0,22000.0,10435.0,73259.0,18569.0,32201.0,7564.0,43.95500894,40.7345576
067,296.0,79535.0,94242.0,32267.0,90401.0,-1.0,3897.0,-1.0,4.310793022,-1.0
068,416.0,27460.0,35032.0,15823.0,72021.0,18234.0,19762.0,4339.0,27.43921912,23.79620489
069,171.0,46933.0,51017.0,24861.0,133783.0,-1.0,11314.0,-1.0,8.456978839,-1.0
070,283.0,78037.0,92476.0,42114.0,92998.0,-1.0,3740.0,-1.0,4.021591862,-1.0
071,190.0,60482.0,65876.0,27117.0,122372.0,30700.0,7049.0,1752.0,5.760304645,5.706840391
072,288.0,61654.0,70659.0,22129.0,91763.0,-1.0,9403.0,-1.0,10.24704946,-1.0
073,225.0,77395.0,88326.0,35437.0,107416.0,-1.0,5120.0,-1.0,4.766515231,-1.0
074,197.0,47357.0,57225.0,25029.0,118647.0,31053.0,17736.0,3933.0,14.94854484,12.66544295
075,236.0,75313.0,87924.0,36046.0,103093.0,28125.0,5011.0,1019.0,4.860659793,3.623111111
076,463.0,30443.0,56594.0,21301.0,65358.0,-1.0,17934.0,-1.0,27.43964014,-1.0
077,76.0,62010.0,69406.0,30120.0,224957.0,56217.0,16853.0,3242.0,7.491653961,5.766938826
078,215.0,36151.0,49673.0,26922.0,109082.0,25926.0,20680.0,3201.0,18.95821492,12.34667901
079,20.0,47131.0,56960.0,28875.0,600769.0,152408.0,78124.0,15575.0,13.00399987,10.21927983
080,164.0,32174.0,47611.0,21893.0,139063.0,33124.0,26866.0,4794.0,19.31930132,14.47288975
081,365.0,43345.0,52594.0,21124.0,79974.0,-1.0,5971.0,-1.0,7.466176507,-1.0
082,82.0,60817.0,68778.0,26116.0,214203.0,57526.0,11966.0,2309.0,5.586289641,4.013837221
083,3.0,41015.0,46888.0,23449.0,2692618.0,595691.0,573486.0,107418.0,21.29845377,18.03250343
084,424.0,32436.0,44096.0,21542.0,71095.0,14139.0,20347.0,3036.0,28.61945284,21.47252281
085,434.0,68705.0,70426.0,22510.0,69102.0,-1.0,4689.0,-1.0,6.785621256,-1.0
086,364.0,93133.0,95122.0,30574.0,80852.0,-1.0,2356.0,-1.0,2.913966259,-1.0
087,84.0,55610.0,60032.0,24742.0,211621.0,53686.0,19155.0,4189.0,9.051559155,7.802779123
088,340.0,40868.0,43662.0,13244.0,83495.0,18422.0,15662.0,3254.0,18.75800946,17.66366301
089,59.0,29554.0,38763.0,20593.0,287276.0,68360.0,71767.0,13456.0,24.98189894,19.68402575
090,356.0,49636.0,58428.0,23598.0,81496.0,-1.0,5774.0,-1.0,7.085010307,-1.0
091,227.0,44384.0,50228.0,19622.0,106581.0,29468.0,11519.0,2297.0,10.80774247,7.794896159
092,220.0,40250.0,50056.0,25052.0,108296.0,26580.0,11902.0,2531.0,10.99024895,9.522197141
093,41.0,24105.0,28990.0,14825.0,412601.0,97659.0,133886.0,27977.0,32.44926697,28.64764128
094,415.0,49325.0,62348.0,27015.0,72667.0,-1.0,6427.0,-1.0,8.844454842,-1.0
095,254.0,47993.0,60387.0,26107.0,98753.0,27057.0,10795.0,2671.0,10.93131348,9.871752227
096,367.0,56863.0,67947.0,24799.0,80387.0,-1.0,9923.0,-1.0,12.34403573,-1.0
097,466.0,24218.0,58217.0,18770.0,65177.0,-1.0,25536.0,-1.0,39.17946515,-1.0
098,43.0,47854.0,59886.0,26001.0,374603.0,95388.0,43780.0,9297.0,11.68703935,9.746508995
099,277.0,80720.0,98154.0,39661.0,93637.0,-1.0,3781.0,-1.0,4.037933723,-1.0
100,355.0,37051.0,55320.0,24535.0,82103.0,19923.0,16669.0,1769.0,20.3025468,8.879184862
101,311.0,34196.0,47811.0,26416.0,88450.0,21402.0,17230.0,2546.0,19.47993217,11.89608448
102,123.0,34040.0,41861.0,19821.0,175858.0,47567.0,34505.0,9361.0,19.62094417,19.67960981
103,15.0,40405.0,47229.0,22134.0,691935.0,170944.0,128163.0,24089.0,18.52240456,14.09174934
104,260.0,39009.0,42800.0,12617.0,97173.0,20023.0,21272.0,4438.0,21.89085446,22.16451081
105,201.0,60458.0,65861.0,27830.0,116160.0,-1.0,10898.0,-1.0,9.381887052,-1.0
106,186.0,63197.0,70723.0,29242.0,127130.0,34734.0,8157.0,1963.0,6.416266814,5.651523003
107,133.0,68049.0,71850.0,25499.0,161692.0,38255.0,11697.0,2422.0,7.234124137,6.331198536
108,63.0,39698.0,44773.0,20039.0,279129.0,70302.0,51866.0,10198.0,18.58137277,14.50598845
109,228.0,53361.0,54053.0,26762.0,105018.0,-1.0,12531.0,-1.0,11.93224019,-1.0
110,390.0,56070.0,66863.0,26422.0,76570.0,-1.0,4676.0,-1.0,6.106830351,-1.0
111,459.0,75564.0,80955.0,26955.0,65773.0,-1.0,2931.0,-1.0,4.456235841,-1.0
112,9.0,36403.0,38717.0,24477.0,1139549.0,256398.0,251987.0,48157.0,22.11287097,18.78212779
113,278.0,59199.0,64421.0,22946.0,93349.0,-1.0,6280.0,-1.0,6.727442179,-1.0
114,419.0,55881.0,65844.0,30562.0,72312.0,-1.0,8216.0,-1.0,11.36187631,-1.0
115,268.0,42801.0,51093.0,22297.0,95382.0,24594.0,15303.0,3180.0,16.04390766,12.92998292
116,310.0,55125.0,69046.0,27522.0,88449.0,-1.0,10756.0,-1.0,12.16068017,-1.0
117,177.0,25928.0,33630.0,16191.0,132363.0,31131.0,38307.0,7856.0,28.94086716,25.23529601
118,272.0,45251.0,55407.0,21874.0,94344.0,21454.0,16759.0,2776.0,17.76371576,12.93931202
119,423.0,32233.0,45764.0,21125.0,71298.0,19599.0,15003.0,3455.0,21.04266599,17.62845043
120,422.0,35968.0,45803.0,21731.0,71243.0,-1.0,10840.0,-1.0,15.21552995,-1.0
121,326.0,42440.0,45940.0,18147.0,85666.0,-1.0,4759.0,-1.0,5.55529615,-1.0
122,318.0,38034.0,57719.0,21646.0,87713.0,-1.0,14785.0,-1.0,16.85611027,-1.0
123,24.0,42370.0,52139.0,27715.0,543842.0,119873.0,83044.0,14367.0,15.26987618,11.98518432
124,98.0,42690.0,56042.0,23262.0,196413.0,50404.0,19426.0,3192.0,9.890384038,6.332830728
125,11.0,28069.0,33640.0,15042.0,832680.0,189728.0,261497.0,51145.0,31.40426094,26.95701214
126,210.0,42191.0,51312.0,20898.0,111137.0,-1.0,11393.0,-1.0,10.25131144,-1.0
127,391.0,37083.0,51660.0,22627.0,76055.0,-1.0,12292.0,-1.0,16.16198804,-1.0
128,110.0,42321.0,52081.0,24627.0,191250.0,46834.0,28278.0,5206.0,14.78588235,11.115856
129,181.0,31915.0,32888.0,11690.0,129658.0,26002.0,34269.0,6609.0,26.43030125,25.41727559
130,481.0,29691.0,37605.0,16525.0,61025.0,-1.0,15486.0,-1.0,25.37648505,-1.0
131,251.0,75928.0,85137.0,34864.0,99612.0,-1.0,4422.0,-1.0,4.43922419,-1.0
132,421.0,55045.0,71877.0,34407.0,71597.0,-1.0,5404.0,-1.0,7.547802282,-1.0
133,285.0,47050.0,52771.0,18886.0,92079.0,21757.0,13245.0,2343.0,14.38438732,10.76894792
134,216.0,36630.0,37882.0,13382.0,107899.0,23501.0,25527.0,4835.0,23.65823594,20.57359261
135,21.0,32205.0,35562.0,15248.0,582330.0,146050.0,158216.0,34695.0,27.16947435,23.75556316
136,280.0,51232.0,55366.0,21531.0,93181.0,-1.0,9367.0,-1.0,10.05247851,-1.0
137,193.0,40413.0,42377.0,18136.0,120458.0,28900.0,23728.0,4638.0,19.69815205,16.04844291
138,187.0,82784.0,87766.0,28668.0,126731.0,-1.0,3516.0,-1.0,2.77438038,-1.0
139,292.0,31376.0,41177.0,16421.0,91187.0,21506.0,18390.0,3109.0,20.16734842,14.45643076
140,174.0,51857.0,56490.0,21851.0,132393.0,32702.0,12550.0,2249.0,9.479353138,6.877255214
141,153.0,33070.0,49212.0,21685.0,142329.0,31731.0,27415.0,3870.0,19.26171054,12.19627494
142,475.0,58940.0,95663.0,41915.0,62258.0,-1.0,6523.0,-1.0,10.47736837,-1.0
143,212.0,34362.0,44034.0,19247.0,109685.0,29567.0,17118.0,3428.0,15.60650955,11.59400683
144,307.0,39221.0,53036.0,22397.0,88673.0,-1.0,13051.0,-1.0,14.71812164,-1.0
145,238.0,60680.0,65719.0,24494.0,101858.0,-1.0,10240.0,-1.0,10.05321133,-1.0
146,261.0,37204.0,42200.0,19996.0,97214.0,25210.0,15650.0,4158.0,16.09850433,16.49345498
147,309.0,39886.0,57592.0,26596.0,88664.0,22277.0,13210.0,2408.0,14.89894433,10.80935494
148,376.0,70133.0,91841.0,37513.0,78687.0,-1.0,3220.0,-1.0,4.092162619,-1.0
149,487.0,37001.0,58946.0,23103.0,58717.0,-1.0,11670.0,-1.0,19.87499361,-1.0
150,183.0,40778.0,48270.0,22789.0,126025.0,35009.0,23577.0,5005.0,18.70819282,14.2963238
151,345.0,54985.0,61315.0,28016.0,83106.0,-1.0,9105.0,-1.0,10.95588766,-1.0
152,208.0,25972.0,33151.0,15931.0,110819.0,26102.0,36023.0,7200.0,32.50615869,27.58409317
153,453.0,30248.0,33740.0,9996.0,66621.0,-1.0,16051.0,-1.0,24.09300371,-1.0
154,480.0,78317.0,94985.0,37282.0,61408.0,-1.0,2501.0,-1.0,4.07275925,-1.0
155,140.0,58481.0,61229.0,17627.0,157554.0,33937.0,22846.0,3675.0,14.50042525,10.82888882
156,192.0,44261.0,66515.0,25408.0,122102.0,-1.0,21705.0,-1.0,17.7761216,-1.0
157,159.0,44169.0,50640.0,34443.0,140897.0,30251.0,23406.0,3160.0,16.61213511,10.44593567
158,363.0,32271.0,41960.0,19586.0,81002.0,-1.0,15345.0,-1.0,18.94397669,-1.0
159,80.0,38063.0,48462.0,19565.0,217882.0,55750.0,33868.0,7651.0,15.54419365,13.72376682
160,19.0,40663.0,47064.0,21249.0,602279.0,148910.0,112971.0,23414.0,18.7572537,15.72359143
161,87.0,81582.0,94067.0,33706.0,209390.0,52942.0,13873.0,2492.0,6.62543579,4.707037891
162,34.0,37800.0,42793.0,17586.0,474651.0,107226.0,115278.0,21604.0,24.28689711,20.14809841
163,454.0,85187.0,100935.0,39286.0,66407.0,-1.0,1381.0,-1.0,2.079600042,-1.0
164,156.0,58228.0,68305.0,28111.0,141436.0,33380.0,11036.0,1720.0,7.802822478,5.152786099
165,246.0,26954.0,41210.0,19535.0,100640.0,19252.0,32322.0,4013.0,32.11645469,20.84458758
166,107.0,52229.0,53478.0,18506.0,191992.0,43180.0,25093.0,4988.0,13.06981541,11.55164428
167,72.0,45924.0,51443.0,19327.0,235000.0,58818.0,35863.0,6397.0,15.26085106,10.87592234
168,264.0,25496.0,35125.0,13797.0,96416.0,22329.0,32945.0,5585.0,34.16963989,25.01231582
169,420.0,32717.0,34929.0,19613.0,71926.0,19523.0,11684.0,2788.0,16.24447349,14.28059212
170,119.0,76171.0,80999.0,28759.0,177337.0,45256.0,7231.0,1411.0,4.077547269,3.117818632
171,74.0,46713.0,58058.0,20699.0,228540.0,55020.0,35139.0,6783.0,15.37542662,12.32824427
172,100.0,49750.0,61315.0,27536.0,194267.0,48444.0,15842.0,3551.0,8.154756083,7.33011312
173,146.0,48865.0,50268.0,19823.0,147854.0,37102.0,19337.0,4019.0,13.07844225,10.83230015
174,101.0,38229.0,45897.0,18608.0,192474.0,43316.0,40082.0,6557.0,20.82463086,15.1375935
175,346.0,38846.0,50659.0,18703.0,82646.0,-1.0,13197.0,-1.0,15.96810493,-1.0
176,275.0,40477.0,49546.0,22843.0,93971.0,25057.0,13689.0,2631.0,14.56726011,10.50005986
177,88.0,36733.0,50009.0,24540.0,208406.0,51511.0,36038.0,7454.0,17.29220848,14.47069558
178,491.0,26633.0,45254.0,20828.0,55286.0,-1.0,15052.0,-1.0,27.22569909,-1.0
179,269.0,41116.0,48352.0,20473.0,94933.0,24789.0,17523.0,3590.0,18.4582811,14.48223002
180,457.0,34055.0,41758.0,18474.0,65490.0,18683.0,13138.0,2174.0,20.06107803,11.63624686
181,417.0,33586.0,41128.0,16700.0,72302.0,17759.0,14654.0,3252.0,20.26776576,18.31184188
182,172.0,45105.0,55635.0,22238.0,132801.0,34993.0,17603.0,3957.0,13.25517127,11.30797588
183,211.0,26032.0,28984.0,15947.0,110037.0,27091.0,35186.0,8464.0,31.97651699,31.24284818
184,248.0,41629.0,36488.0,15839.0,100484.0,23261.0,22354.0,5088.0,22.24632777,21.8735222
185,168.0,55649.0,66986.0,22168.0,135191.0,31832.0,16858.0,2688.0,12.469765,8.444332747
186,388.0,32060.0,36475.0,17020.0,76490.0,-1.0,10252.0,-1.0,13.40305922,-1.0
187,77.0,61483.0,72417.0,32335.0,222508.0,59476.0,14548.0,2102.0,6.538191885,3.534198668
188,371.0,50298.0,51471.0,18222.0,79158.0,18717.0,12842.0,2532.0,16.2232497,13.52780894
189,83.0,30271.0,33903.0,13115.0,212635.0,56982.0,45170.0,10590.0,21.24297505,18.58481626
190,242.0,40778.0,46984.0,22717.0,101584.0,25895.0,17707.0,3801.0,17.43089463,14.67850936
191,311.0,93677.0,105504.0,39733.0,88249.0,-1.0,2126.0,-1.0,2.409092454,-1.0
192,348.0,49650.0,53297.0,22130.0,82517.0,-1.0,15955.0,-1.0,19.33540967,-1.0
193,166.0,41602.0,47189.0,25630.0,138058.0,34905.0,17130.0,3221.0,12.40782859,9.227904312
194,47.0,50793.0,64892.0,27661.0,361493.0,90942.0,43468.0,8583.0,12.02457586,9.437883486
195,404.0,71405.0,90993.0,38103.0,74473.0,-1.0,2658.0,-1.0,3.569078727,-1.0
196,4.0,36894.0,40172.0,22534.0,1935937.0,458219.0,443757.0,91562.0,22.92207856,19.98214827
197,112.0,72141.0,85984.0,37125.0,189328.0,47213.0,11870.0,1666.0,6.269542804,3.528689132
198,139.0,44000.0,62179.0,30424.0,157267.0,41881.0,20665.0,4119.0,13.14007389,9.835008715
199,209.0,41398.0,47976.0,20949.0,111622.0,30124.0,11936.0,2504.0,10.69323252,8.312309122
200,13.0,41578.0,50584.0,22566.0,759016.0,193805.0,114963.0,22343.0,15.14632103,11.52859833
201,470.0,38878.0,42241.0,16438.0,64560.0,-1.0,13519.0,-1.0,20.94021066,-1.0
202,194.0,34962.0,37509.0,15814.0,119483.0,26505.0,21589.0,4686.0,18.06867923,17.67968308
203,124.0,82827.0,104707.0,42211.0,171953.0,41714.0,18139.0,2215.0,10.54881276,5.309967876
204,85.0,46543.0,50430.0,23517.0,211431.0,49483.0,27779.0,5352.0,13.1385653,10.81583574
205,460.0,42269.0,44796.0,18159.0,65844.0,15513.0,11706.0,2365.0,17.77838527,15.24527815
206,131.0,31177.0,38203.0,19596.0,163471.0,40273.0,42496.0,7832.0,25.99604823,19.44727237
207,12.0,44173.0,52138.0,23076.0,763791.0,199913.0,93377.0,19179.0,12.22546482,9.593673248
208,71.0,40310.0,42267.0,21803.0,245912.0,54043.0,45129.0,9392.0,18.35168678,17.37875396
209,184.0,56175.0,64263.0,23347.0,127415.0,30139.0,12865.0,3060.0,10.09692736,10.15295796
210,477.0,31152.0,39905.0,20088.0,61210.0,13401.0,18498.0,2865.0,30.2205522,21.37900157
211,155.0,33157.0,39695.0,16977.0,141538.0,35239.0,29038.0,6217.0,20.51604516,17.64238486
212,38.0,41069.0,50540.0,24567.0,438714.0,106267.0,72226.0,13758.0,16.4631172,12.94663442
213,313.0,51095.0,64025.0,28757.0,88442.0,-1.0,9813.0,-1.0,11.09540716,-1.0
214,414.0,41958.0,57362.0,22068.0,72745.0,-1.0,9972.0,-1.0,13.70815864,-1.0
215,267.0,46888.0,55828.0,21179.0,95142.0,-1.0,10606.0,-1.0,11.14754788,-1.0
216,331.0,50053.0,56388.0,23679.0,84588.0,21068.0,10815.0,1962.0,12.78550149,9.312701728
217,256.0,40896.0,46489.0,17869.0,97983.0,24773.0,15778.0,3290.0,16.10279334,13.28058774
218,127.0,30473.0,43485.0,20249.0,167743.0,41553.0,41980.0,7061.0,25.02637964,16.99275624
219,221.0,39158.0,53109.0,23587.0,107705.0,27779.0,18438.0,3809.0,17.11898241,13.71179668
220,446.0,29741.0,38440.0,21235.0,68099.0,17995.0,17826.0,4626.0,26.17659584,25.70714087
221,438.0,84081.0,101300.0,35883.0,69250.0,-1.0,3665.0,-1.0,5.292418773,-1.0
222,303.0,35574.0,42108.0,23396.0,89420.0,-1.0,12817.0,-1.0,14.33348244,-1.0
223,315.0,66186.0,71790.0,25767.0,87879.0,-1.0,4672.0,-1.0,5.31640096,-1.0
224,154.0,50234.0,60822.0,27890.0,142371.0,37532.0,14826.0,2872.0,10.41363761,7.652136843
225,169.0,44277.0,49108.0,18522.0,135063.0,30618.0,27132.0,4644.0,20.08840319,15.1675485
226,196.0,34367.0,45224.0,17888.0,119574.0,28429.0,29132.0,5138.0,24.36315587,18.07309438
227,89.0,32019.0,32577.0,12269.0,207290.0,46474.0,63812.0,13577.0,30.7839259,29.21418428
228,425.0,36613.0,47403.0,21809.0,71183.0,-1.0,6839.0,-1.0,9.607631036,-1.0
229,337.0,29363.0,35689.0,17059.0,83694.0,20017.0,23004.0,3932.0,27.48584128,19.64330319
230,25.0,47863.0,57471.0,24887.0,534475.0,132735.0,62678.0,12810.0,11.72702184,9.650808001
231,400.0,35989.0,55537.0,24061.0,74694.0,-1.0,13621.0,-1.0,18.23573513,-1.0
232,354.0,31604.0,28672.0,14743.0,81195.0,20358.0,26855.0,5971.0,33.07469672,29.32999312
233,374.0,36952.0,41087.0,16289.0,79303.0,21647.0,15941.0,3990.0,20.1013833,18.4321153
234,324.0,70900.0,79841.0,29632.0,85712.0,-1.0,4759.0,-1.0,5.552314728,-1.0
235,358.0,50703.0,60299.0,23692.0,81340.0,-1.0,6290.0,-1.0,7.732972707,-1.0
236,68.0,42442.0,60067.0,26343.0,254050.0,65647.0,37821.0,6450.0,14.88722692,9.825277621
237,75.0,45790.0,59855.0,23803.0,225254.0,58465.0,27513.0,4833.0,12.21421151,8.266484221
238,121.0,39882.0,55000.0,27122.0,175966.0,44922.0,26373.0,5172.0,14.98755441,11.5132897
239,321.0,96632.0,108175.0,36775.0,86976.0,-1.0,5357.0,-1.0,6.159170346,-1.0
240,235.0,66512.0,77557.0,29389.0,103497.0,-1.0,2576.0,-1.0,2.488961033,-1.0
241,35.0,43746.0,46477.0,23266.0,461922.0,98272.0,88868.0,16125.0,19.23874594,16.40853956
242,396.0,51420.0,66994.0,28590.0,75892.0,-1.0,7089.0,-1.0,9.340905497,-1.0
243,392.0,34985.0,44480.0,22233.0,76589.0,19767.0,14965.0,2594.0,19.53935944,13.12288157
244,464.0,30936.0,42171.0,19205.0,65476.0,18280.0,11500.0,2731.0,17.56368746,14.93982495
245,2.0,42667.0,47434.0,24587.0,3717462.0,784065.0,747613.0,131329.0,20.11084444,16.74975927
246,23.0,38664.0,50098.0,22611.0,545531.0,140556.0,83386.0,17255.0,15.28529085,12.27624577
247,265.0,41272.0,46856.0,20419.0,95887.0,23488.0,19844.0,4246.0,20.6951933,18.07731608
248,97.0,33853.0,46142.0,19253.0,198903.0,51180.0,39459.0,6719.0,19.83831315,13.12817507
249,484.0,35744.0,42186.0,22072.0,59725.0,-1.0,11410.0,-1.0,19.10422771,-1.0
250,343.0,35454.0,45986.0,19731.0,82871.0,19544.0,17588.0,3628.0,21.22334713,18.56324192
251,432.0,34738.0,33492.0,10681.0,69543.0,13025.0,19880.0,3351.0,28.58662985,25.72744722
252,302.0,23956.0,29330.0,15578.0,89616.0,21749.0,30183.0,6986.0,33.68036958,32.12101706
253,94.0,45928.0,64264.0,27475.0,203132.0,44847.0,35918.0,3690.0,17.68209834,8.227975115
254,214.0,50404.0,60602.0,25491.0,108580.0,25858.0,14032.0,2445.0,12.92319027,9.455487663
255,203.0,35004.0,36183.0,16136.0,116105.0,30380.0,31386.0,7520.0,27.03242754,24.75312706
256,286.0,69611.0,85357.0,32203.0,91950.0,-1.0,5624.0,-1.0,6.116367591,-1.0
257,408.0,40564.0,49384.0,22687.0,73782.0,-1.0,10051.0,-1.0,13.62256377,-1.0
258,394.0,40471.0,46554.0,23046.0,76249.0,-1.0,7947.0,-1.0,10.42243177,-1.0
259,17.0,33244.0,40111.0,20279.0,637252.0,155875.0,150704.0,32860.0,23.64904308,21.08099439
260,465.0,32791.0,38381.0,16798.0,64885.0,16461.0,15751.0,3447.0,24.27525622,20.94040459
261,37.0,44861.0,53730.0,22325.0,439144.0,110179.0,52067.0,9767.0,11.85647532,8.86466568
262,188.0,47466.0,56375.0,20391.0,126490.0,32670.0,12572.0,2536.0,9.939125623,7.762473217
263,175.0,43044.0,61459.0,26958.0,132714.0,-1.0,14185.0,-1.0,10.68839761,-1.0
264,335.0,33763.0,47545.0,33604.0,84086.0,-1.0,11966.0,-1.0,14.2306686,-1.0
265,48.0,25211.0,28784.0,17531.0,359681.0,84750.0,101883.0,20881.0,28.32593326,24.63834808
266,290.0,32893.0,38700.0,14730.0,91506.0,22983.0,15586.0,3187.0,17.03276288,13.86677109
267,247.0,41660.0,53209.0,23457.0,100338.0,26969.0,15157.0,3156.0,15.10594192,11.70232489
268,22.0,32666.0,35675.0,17696.0,553814.0,128097.0,137760.0,27268.0,24.87477745,21.28699345
269,50.0,41829.0,57316.0,26886.0,348942.0,72828.0,72681.0,10643.0,20.82896298,14.61388477
270,206.0,57941.0,61256.0,21424.0,114767.0,29189.0,9527.0,2110.0,8.301166712,7.228750557
271,298.0,90855.0,102844.0,37969.0,90065.0,-1.0,3071.0,-1.0,3.409759618,-1.0
272,483.0,63330.0,73435.0,25903.0,60220.0,-1.0,6685.0,-1.0,11.10096314,-1.0
273,102.0,31107.0,37803.0,20532.0,193071.0,48761.0,46279.0,10003.0,23.96993852,20.51434548
274,95.0,45769.0,53967.0,21669.0,201376.0,47702.0,26994.0,5106.0,13.40477515,10.70395371
275,104.0,40582.0,47994.0,25122.0,192889.0,52344.0,32766.0,8397.0,16.98697178,16.04195323
276,132.0,56111.0,56190.0,19207.0,160721.0,37924.0,21287.0,4047.0,13.24469111,10.67134269
277,467.0,45908.0,56266.0,22898.0,65067.0,-1.0,8632.0,-1.0,13.26632548,-1.0
278,436.0,75411.0,98494.0,47251.0,69427.0,-1.0,4614.0,-1.0,6.645829432,-1.0
279,489.0,28212.0,35555.0,15287.0,56843.0,-1.0,13772.0,-1.0,24.22813715,-1.0
280,339.0,39652.0,55845.0,24862.0,83304.0,-1.0,15135.0,-1.0,18.16839528,-1.0
281,257.0,63028.0,70854.0,23965.0,97766.0,-1.0,6504.0,-1.0,6.65261952,-1.0
282,451.0,37804.0,45528.0,16899.0,66397.0,17364.0,13380.0,2640.0,20.15151287,15.20387008
283,412.0,57040.0,63667.0,29675.0,72498.0,-1.0,6380.0,-1.0,8.800242765,-1.0
284,148.0,93338.0,106464.0,39725.0,147779.0,-1.0,3650.0,-1.0,2.469904384,-1.0
285,334.0,57056.0,70419.0,28769.0,83824.0,-1.0,4710.0,-1.0,5.618915824,-1.0
286,27.0,40214.0,49748.0,25005.0,521240.0,135214.0,75968.0,15891.0,14.57447625,11.75248125
287,332.0,31845.0,44317.0,19039.0,84762.0,22198.0,17019.0,3619.0,20.07857295,16.30327056
288,427.0,39303.0,48184.0,19817.0,69844.0,17649.0,13151.0,2315.0,18.82910486,13.11689048
289,219.0,30603.0,35511.0,20178.0,107269.0,23874.0,29151.0,5730.0,27.17560525,24.00100528
290,39.0,30711.0,39428.0,21998.0,436090.0,90461.0,106666.0,19748.0,24.45962989,21.83040205
291,398.0,66363.0,83324.0,37858.0,75830.0,-1.0,8359.0,-1.0,11.02334169,-1.0
292,1.0,43434.0,49374.0,27233.0,7930854.0,1839961.0,1512112.0,307345.0,19.06619388,16.70388666
293,69.0,30665.0,34816.0,15346.0,253337.0,56539.0,62866.0,12967.0,24.81516715,22.93461151
294,350.0,97428.0,127698.0,75997.0,82244.0,-1.0,5265.0,-1.0,6.401682798,-1.0
295,122.0,46641.0,54135.0,21212.0,175179.0,50174.0,24177.0,5412.0,13.8013118,10.78646311
296,349.0,91746.0,124893.0,55891.0,82383.0,-1.0,4429.0,-1.0,5.376109149,-1.0
297,90.0,36920.0,42194.0,20903.0,205076.0,50005.0,36399.0,7145.0,17.74902963,14.28857114
298,262.0,38636.0,55478.0,23403.0,97374.0,24658.0,18455.0,2610.0,18.95269785,10.58480006
299,430.0,31017.0,35517.0,17386.0,69605.0,-1.0,15693.0,-1.0,22.54579412,-1.0
300,130.0,53183.0,54060.0,19198.0,163198.0,37228.0,20207.0,4048.0,12.38189194,10.87353605
301,233.0,51137.0,51780.0,16617.0,103251.0,22986.0,10429.0,2038.0,10.10062857,8.866266423
302,325.0,65741.0,70934.0,35051.0,85858.0,-1.0,6918.0,-1.0,8.057490275,-1.0
303,44.0,44124.0,47283.0,25739.0,372686.0,83178.0,68148.0,14053.0,18.28563456,16.89509245
304,134.0,55382.0,66929.0,24765.0,161271.0,-1.0,10199.0,-1.0,6.324137632,-1.0
305,273.0,36162.0,43140.0,18740.0,93617.0,23958.0,16636.0,3305.0,17.77027677,13.79497454
306,449.0,75796.0,80504.0,29591.0,67491.0,-1.0,1831.0,-1.0,2.71295432,-1.0
307,375.0,39058.0,44720.0,17671.0,79076.0,19845.0,16564.0,3361.0,20.94693712,16.93625598
308,29.0,37375.0,49769.0,22190.0,514013.0,133489.0,95947.0,19943.0,18.66625941,14.93980777
309,224.0,66230.0,78864.0,28373.0,107418.0,-1.0,9024.0,-1.0,8.400826677,-1.0
310,45.0,40484.0,51637.0,23500.0,371917.0,88681.0,57020.0,11588.0,15.3313777,13.06706059
311,142.0,46344.0,49979.0,17285.0,156088.0,34502.0,23330.0,4867.0,14.94669674,14.10642861
312,167.0,69695.0,74475.0,29365.0,137662.0,32635.0,10803.0,2057.0,7.847481513,6.303048874
313,329.0,46797.0,51043.0,18400.0,85616.0,-1.0,9645.0,-1.0,11.26541768,-1.0
314,79.0,36699.0,40143.0,23157.0,220797.0,51155.0,33368.0,6986.0,15.11252417,13.65653406
315,135.0,64804.0,84273.0,35211.0,161216.0,-1.0,6914.0,-1.0,4.288656213,-1.0
316,118.0,48952.0,50922.0,17099.0,178637.0,35827.0,29492.0,4429.0,16.50945773,12.36218494
317,444.0,64666.0,78497.0,33203.0,68799.0,-1.0,2342.0,-1.0,3.404119246,-1.0
318,299.0,40748.0,48166.0,18443.0,89857.0,-1.0,9135.0,-1.0,10.16615289,-1.0
319,151.0,46536.0,52320.0,16049.0,142771.0,30840.0,25264.0,4831.0,17.69547037,15.66472114
320,86.0,41916.0,51961.0,22292.0,209562.0,47968.0,30794.0,5020.0,14.69445796,10.46531021
321,372.0,47843.0,57336.0,21732.0,79426.0,-1.0,5149.0,-1.0,6.48276383,-1.0
322,182.0,51233.0,62627.0,36983.0,128952.0,29706.0,18177.0,3062.0,14.09594268,10.30768195
323,145.0,37642.0,41023.0,16899.0,149810.0,35402.0,28373.0,5875.0,18.93932314,16.59510762
324,445.0,29963.0,30663.0,13356.0,67954.0,-1.0,18563.0,-1.0,27.31700856,-1.0
325,147.0,34987.0,37691.0,14341.0,147452.0,33554.0,35532.0,8141.0,24.09733337,24.26238302
326,413.0,36407.0,43383.0,20423.0,72784.0,-1.0,13660.0,-1.0,18.76786107,-1.0
327,138.0,55847.0,69267.0,28197.0,159154.0,41238.0,13923.0,3012.0,8.748130741,7.303942965
328,158.0,60417.0,67034.0,25658.0,140959.0,-1.0,7625.0,-1.0,5.409374357,-1.0
329,241.0,40276.0,58267.0,25791.0,101675.0,24275.0,16070.0,3145.0,15.80526186,12.95571576
330,5.0,32573.0,40534.0,19140.0,1402099.0,321706.0,343547.0,64162.0,24.50233543,19.94429697
331,6.0,42353.0,47559.0,22471.0,1372367.0,314004.0,225117.0,42456.0,16.40355677,13.52084687
332,62.0,30278.0,41633.0,22018.0,283534.0,68844.0,65726.0,11799.0,23.18099417,17.13874847
333,70.0,71560.0,89972.0,37950.0,251318.0,64912.0,15733.0,3148.0,6.260196245,4.849642593
334,306.0,60256.0,72147.0,34336.0,88218.0,23291.0,7964.0,1709.0,9.027636083,7.337598214
335,452.0,101022.0,106110.0,44802.0,67018.0,-1.0,2800.0,-1.0,4.177982035,-1.0
336,440.0,74397.0,92453.0,40732.0,68732.0,-1.0,3046.0,-1.0,4.431705756,-1.0
337,136.0,41805.0,43328.0,15767.0,161050.0,32848.0,21525.0,3739.0,13.36541447,11.38273259
338,271.0,40390.0,46669.0,25784.0,94892.0,22784.0,13706.0,2760.0,14.44378873,12.11376404
339,486.0,27802.0,33022.0,15758.0,59259.0,14709.0,13437.0,3088.0,22.6750367,20.99394928
340,191.0,49296.0,53785.0,23472.0,122266.0,-1.0,7132.0,-1.0,5.833183387,-1.0
341,31.0,42287.0,55321.0,26677.0,510595.0,118471.0,90689.0,14020.0,17.76143519,11.83411974
342,270.0,40172.0,49624.0,21289.0,94539.0,23122.0,15896.0,2877.0,16.81422482,12.44269527
343,137.0,34202.0,41404.0,20333.0,159950.0,35299.0,47080.0,10339.0,29.43419819,29.28978158
344,245.0,31603.0,34085.0,15072.0,101105.0,-1.0,28596.0,-1.0,28.28346768,-1.0
345,244.0,31261.0,37949.0,17723.0,100931.0,26747.0,23566.0,5864.0,23.34862431,21.92395409
346,336.0,59526.0,72295.0,30270.0,84080.0,-1.0,4886.0,-1.0,5.811132255,-1.0
347,387.0,38156.0,45239.0,19428.0,76858.0,19600.0,15902.0,3319.0,20.69010383,16.93367347
348,54.0,48131.0,65033.0,29464.0,314393.0,75204.0,48612.0,7209.0,15.46217632,9.585926281
349,152.0,71967.0,83958.0,29749.0,144711.0,-1.0,9657.0,-1.0,6.673300578,-1.0
350,359.0,24026.0,28756.0,12938.0,80289.0,18843.0,28168.0,6134.0,35.08326172,32.55320278
351,304.0,42891.0,52362.0,22980.0,89051.0,23424.0,9609.0,1876.0,10.79044592,8.008879781
352,410.0,52111.0,61491.0,30415.0,73432.0,-1.0,7886.0,-1.0,10.73918728,-1.0
353,479.0,85594.0,98341.0,50388.0,61473.0,-1.0,1610.0,-1.0,2.619036,-1.0
354,361.0,67829.0,67243.0,32795.0,78849.0,-1.0,10613.0,-1.0,13.45990437,-1.0
355,93.0,42214.0,53390.0,24801.0,203799.0,47074.0,28047.0,5283.0,13.76208912,11.22275566
356,281.0,50446.0,52994.0,16514.0,92806.0,-1.0,10959.0,-1.0,11.80850376,-1.0
357,222.0,63932.0,77237.0,31672.0,107684.0,-1.0,7715.0,-1.0,7.16448126,-1.0
358,266.0,52794.0,57931.0,22326.0,96065.0,23909.0,14954.0,3646.0,15.56654349,15.24948764
359,117.0,34396.0,45255.0,26284.0,180476.0,39205.0,33478.0,5306.0,18.54983488,13.53398801
360,472.0,47270.0,55404.0,21739.0,62809.0,-1.0,3745.0,-1.0,5.962521295,-1.0
361,57.0,50416.0,57913.0,20924.0,292239.0,66317.0,41164.0,6964.0,14.0857312,10.50107815
362,300.0,32432.0,46535.0,20618.0,89872.0,23461.0,15125.0,3069.0,16.82949083,13.08128383
363,314.0,54000.0,69802.0,31142.0,87933.0,-1.0,5025.0,-1.0,5.714578145,-1.0
364,113.0,26650.0,28387.0,16007.0,188475.0,43114.0,56460.0,11884.0,29.95622762,27.5641323
365,428.0,80937.0,96046.0,36234.0,70126.0,-1.0,3281.0,-1.0,4.678721159,-1.0
366,163.0,35356.0,43185.0,20112.0,138721.0,33593.0,25409.0,5179.0,18.31662113,15.41690233
367,217.0,62291.0,74875.0,30309.0,108622.0,-1.0,4987.0,-1.0,4.591150964,-1.0
368,258.0,68430.0,84595.0,37667.0,98137.0,-1.0,2916.0,-1.0,2.971356369,-1.0
369,357.0,60190.0,69662.0,25102.0,81100.0,-1.0,7142.0,-1.0,8.806411837,-1.0
370,36.0,44867.0,50653.0,22841.0,443948.0,102167.0,85181.0,15056.0,19.18715705,14.73665665
371,157.0,39259.0,47380.0,21671.0,140360.0,35009.0,23556.0,3820.0,16.78255913,10.91147991
372,141.0,50165.0,51048.0,16512.0,155125.0,32289.0,31238.0,5553.0,20.13730862,17.1978073
373,115.0,37287.0,44678.0,23286.0,182483.0,40038.0,30809.0,5031.0,16.88321652,12.56556272
374,352.0,36445.0,45639.0,18480.0,82106.0,21865.0,14523.0,2926.0,17.68811049,13.38211754
375,8.0,40186.0,47150.0,20407.0,1198177.0,285281.0,224014.0,44091.0,18.69623603,15.45528794
376,92.0,33915.0,34925.0,14296.0,203940.0,45400.0,57254.0,10814.0,28.07394332,23.81938326
377,249.0,57574.0,72468.0,30505.0,100106.0,-1.0,10876.0,-1.0,10.86448365,-1.0
378,7.0,55637.0,67925.0,29497.0,1203743.0,276868.0,161978.0,26935.0,13.45619455,9.728462661
379,14.0,57496.0,73180.0,39554.0,718495.0,141327.0,87823.0,12626.0,12.22318875,8.933890905
380,10.0,70921.0,79413.0,30769.0,884528.0,209138.0,88182.0,15760.0,9.969384802,7.535694135
381,383.0,55235.0,65981.0,27184.0,77463.0,-1.0,5749.0,-1.0,7.421607735,-1.0
382,386.0,67313.0,70338.0,24267.0,77004.0,-1.0,5428.0,-1.0,7.048984468,-1.0
383,279.0,76704.0,83305.0,39101.0,93091.0,-1.0,6482.0,-1.0,6.963079138,-1.0
384,316.0,65971.0,75341.0,26410.0,87842.0,-1.0,4741.0,-1.0,5.39719041,-1.0
385,252.0,67120.0,94565.0,52484.0,99501.0,-1.0,6969.0,-1.0,7.003949709,-1.0
386,56.0,47438.0,46154.0,14110.0,296097.0,56786.0,51134.0,8969.0,17.26934079,15.79438594
387,295.0,61182.0,82035.0,34563.0,90534.0,-1.0,12441.0,-1.0,13.74179866,-1.0
388,240.0,71284.0,81861.0,33509.0,102204.0,-1.0,9520.0,-1.0,9.314703925,-1.0
389,128.0,74759.0,82628.0,29600.0,166584.0,41136.0,10682.0,2325.0,6.412380541,5.651983664
390,455.0,45177.0,52226.0,34095.0,66299.0,-1.0,10360.0,-1.0,15.62617837,-1.0
391,308.0,45200.0,45808.0,15481.0,88616.0,19588.0,17122.0,3184.0,19.32156721,16.25484991
392,347.0,55274.0,87748.0,55218.0,82777.0,-1.0,5888.0,-1.0,7.113086969,-1.0
393,150.0,51454.0,61134.0,27914.0,146395.0,35264.0,15987.0,3076.0,10.92045493,8.72277677
394,199.0,30887.0,39411.0,17193.0,117069.0,29264.0,26742.0,4284.0,22.84293878,14.63914707
395,382.0,64828.0,79914.0,34857.0,77415.0,-1.0,3920.0,-1.0,5.063618162,-1.0
396,81.0,60057.0,80218.0,41737.0,215933.0,-1.0,15294.0,-1.0,7.08275252,-1.0
397,450.0,28282.0,36619.0,16468.0,67018.0,17193.0,15327.0,2979.0,22.86997523,17.32681905
398,26.0,49297.0,69795.0,36392.0,535374.0,112940.0,66068.0,7468.0,12.34053204,6.612360545
399,433.0,64940.0,76351.0,28945.0,69837.0,-1.0,4176.0,-1.0,5.979638301,-1.0
400,106.0,32027.0,40346.0,20148.0,191918.0,47367.0,48485.0,8728.0,25.26339374,18.42633057
401,409.0,59490.0,64973.0,31631.0,73420.0,-1.0,4167.0,-1.0,5.675565241,-1.0
402,202.0,78692.0,87813.0,31179.0,116495.0,-1.0,4707.0,-1.0,4.04051676,-1.0
403,378.0,39037.0,49010.0,18944.0,78114.0,20012.0,12481.0,2448.0,15.97792969,12.2326604
404,179.0,44341.0,57196.0,25345.0,131933.0,36277.0,16288.0,3383.0,12.3456603,9.325467927
405,403.0,57118.0,55106.0,27073.0,74869.0,-1.0,12726.0,-1.0,16.9976893,-1.0
406,263.0,31867.0,41101.0,18381.0,95999.0,22336.0,21931.0,3853.0,22.84502964,17.25017908
407,234.0,40653.0,42289.0,12238.0,102759.0,-1.0,14705.0,-1.0,14.31018208,-1.0
408,399.0,49427.0,70157.0,28889.0,74740.0,-1.0,6688.0,-1.0,8.948354295,-1.0
409,393.0,51413.0,55676.0,22902.0,75309.0,-1.0,5165.0,-1.0,6.858410017,-1.0
410,105.0,34752.0,48064.0,20914.0,191674.0,47705.0,33235.0,5409.0,17.33933658,11.33843413
411,319.0,37178.0,50784.0,19524.0,87520.0,22431.0,14422.0,2661.0,16.4785192,11.86304668
412,327.0,41735.0,48222.0,20417.0,85431.0,-1.0,8875.0,-1.0,10.38850066,-1.0
413,161.0,50742.0,60062.0,28383.0,139630.0,35698.0,12341.0,2799.0,8.838358519,7.840775394
414,213.0,43054.0,57376.0,27052.0,109859.0,27572.0,14726.0,2904.0,13.4044548,10.5324242
415,149.0,29922.0,34985.0,17023.0,146229.0,34404.0,43215.0,9619.0,29.55296145,27.95895826
416,162.0,29433.0,41028.0,19699.0,138804.0,34936.0,25048.0,4744.0,18.04558946,13.5791161
417,485.0,39293.0,47726.0,23512.0,59494.0,-1.0,7935.0,-1.0,13.33747941,-1.0
418,441.0,33127.0,46872.0,18374.0,68631.0,18196.0,10254.0,2043.0,14.94077021,11.22774236
419,52.0,30874.0,36282.0,19153.0,332169.0,69387.0,84435.0,15199.0,25.41928958,21.90467955
420,66.0,44103.0,55606.0,23541.0,260973.0,59504.0,48468.0,8467.0,18.57203619,14.22929551
421,73.0,37947.0,50108.0,26446.0,232480.0,58924.0,33456.0,6726.0,14.39091535,11.41470369
422,198.0,66638.0,81759.0,44040.0,118366.0,-1.0,10316.0,-1.0,8.715340554,-1.0
423,189.0,60010.0,70080.0,27098.0,123082.0,-1.0,10095.0,-1.0,8.201849174,-1.0
424,64.0,41118.0,47101.0,18976.0,277797.0,62740.0,55740.0,10093.0,20.0650115,16.08702582
425,381.0,60484.0,67876.0,25493.0,77612.0,-1.0,9028.0,-1.0,11.63222182,-1.0
426,437.0,86231.0,93643.0,38332.0,69203.0,-1.0,3934.0,-1.0,5.684724651,-1.0
427,176.0,74449.0,84376.0,38547.0,132539.0,-1.0,10441.0,-1.0,7.877681286,-1.0
428,323.0,44409.0,51949.0,21419.0,85811.0,21828.0,8650.0,1790.0,10.08029274,8.200476452
429,99.0,41064.0,43393.0,17275.0,194084.0,47012.0,30070.0,6189.0,15.49329156,13.1647239
430,293.0,53958.0,58226.0,23277.0,91366.0,-1.0,6804.0,-1.0,7.446971521,-1.0
431,178.0,25935.0,31749.0,16626.0,131449.0,29139.0,41137.0,7651.0,31.29502697,26.25690655
432,108.0,40290.0,48183.0,22854.0,190854.0,45784.0,32340.0,6245.0,16.94488981,13.64013629
433,160.0,35765.0,51688.0,23898.0,140936.0,33362.0,31372.0,3664.0,22.25974911,10.982555
434,55.0,38568.0,47329.0,26265.0,312374.0,75645.0,57252.0,10763.0,18.32802986,14.22830326
435,317.0,67903.0,70467.0,24940.0,87677.0,-1.0,5952.0,-1.0,6.78855344,-1.0
436,129.0,45644.0,60800.0,24857.0,163248.0,33272.0,21973.0,2387.0,13.45988925,7.174200529
437,462.0,85314.0,111016.0,43339.0,65653.0,-1.0,3528.0,-1.0,5.373707218,-1.0
438,239.0,63636.0,66961.0,24556.0,101870.0,25817.0,5770.0,1209.0,5.664081673,4.68296084
439,185.0,90503.0,104885.0,43047.0,127567.0,-1.0,10591.0,-1.0,8.302303887,-1.0
440,61.0,33044.0,42179.0,17953.0,285110.0,69197.0,66606.0,12738.0,23.36150959,18.4083125
441,287.0,65478.0,79608.0,29617.0,91884.0,-1.0,3795.0,-1.0,4.130207653,-1.0
442,200.0,35726.0,48641.0,21992.0,116859.0,31692.0,17102.0,3791.0,14.63473074,11.96200934
443,165.0,66999.0,82048.0,35293.0,138349.0,-1.0,8924.0,-1.0,6.450353815,-1.0
444,384.0,41998.0,42885.0,21238.0,76014.0,18456.0,11332.0,2042.0,14.90778015,11.06415258
445,353.0,70643.0,76758.0,26336.0,82154.0,-1.0,5403.0,-1.0,6.576673077,-1.0
446,385.0,34356.0,42937.0,15991.0,77429.0,18208.0,17422.0,3692.0,22.50061347,20.27680141
447,338.0,81111.0,95910.0,35701.0,83425.0,-1.0,4458.0,-1.0,5.343721906,-1.0
448,32.0,34241.0,41529.0,18813.0,504843.0,121080.0,101034.0,19754.0,20.01295452,16.31483317
449,46.0,35966.0,43802.0,23762.0,369145.0,95796.0,65140.0,14492.0,17.64618239,15.12798029
450,402.0,48468.0,57939.0,19550.0,74446.0,-1.0,6863.0,-1.0,9.218762593,-1.0
451,448.0,24257.0,40291.0,21515.0,67903.0,-1.0,19567.0,-1.0,28.81610533,-1.0
452,370.0,56631.0,61611.0,30682.0,79423.0,-1.0,4186.0,-1.0,5.270513579,-1.0
453,320.0,31514.0,45644.0,22425.0,87243.0,22589.0,18503.0,4071.0,21.20857834,18.02204613
454,468.0,77542.0,81293.0,27887.0,65117.0,-1.0,6336.0,-1.0,9.730177987,-1.0
455,471.0,32345.0,32162.0,17376.0,64726.0,14927.0,15111.0,3125.0,23.34610512,20.93521806
456,405.0,57194.0,69480.0,25749.0,74252.0,-1.0,10864.0,-1.0,14.63125572,-1.0
457,362.0,66747.0,77492.0,27148.0,80974.0,-1.0,3803.0,-1.0,4.696569269,-1.0
458,205.0,54706.0,65362.0,23315.0,115515.0,-1.0,13920.0,-1.0,12.05038307,-1.0
459,143.0,40743.0,47277.0,23084.0,155093.0,37726.0,26275.0,5651.0,16.94144803,14.97905953
460,282.0,42374.0,43116.0,16727.0,91549.0,-1.0,16246.0,-1.0,17.7456881,-1.0
461,40.0,58545.0,66102.0,28064.0,428825.0,112963.0,31631.0,7125.0,7.376202414,6.307374981
462,218.0,45023.0,49659.0,21931.0,108117.0,27351.0,21605.0,4293.0,19.9829814,15.69595262
463,344.0,49294.0,52220.0,21219.0,82683.0,20868.0,12268.0,2601.0,14.837391,12.4640598
464,226.0,27955.0,40354.0,17344.0,106250.0,22886.0,27922.0,3874.0,26.27952941,16.92737918
465,170.0,44855.0,54761.0,22716.0,134473.0,35064.0,15696.0,3368.0,11.6722316,9.605293178
466,328.0,57153.0,68480.0,29570.0,85600.0,-1.0,4130.0,-1.0,4.824766355,-1.0
467,30.0,47221.0,51411.0,37569.0,513137.0,108483.0,97617.0,18159.0,19.0235746,16.73902823
468,232.0,36120.0,42823.0,18317.0,103680.0,-1.0,18701.0,-1.0,18.03722994,-1.0
469,418.0,50758.0,62896.0,26676.0,72143.0,-1.0,5943.0,-1.0,8.23780547,-1.0
470,441.0,32987.0,43621.0,18327.0,68971.0,18177.0,12059.0,2168.0,17.48416001,11.9271607
471,351.0,42249.0,47453.0,20676.0,80893.0,19453.0,11018.0,2148.0,13.6204616,11.04199866
472,473.0,52599.0,69819.0,26455.0,62451.0,-1.0,4051.0,-1.0,6.486685561,-1.0
473,204.0,52603.0,54169.0,19636.0,115450.0,-1.0,16169.0,-1.0,14.00519706,-1.0
474,243.0,56630.0,59655.0,18389.0,101198.0,-1.0,4376.0,-1.0,4.32419613,-1.0
475,322.0,40047.0,42909.0,26025.0,86567.0,-1.0,16552.0,-1.0,19.12045006,-1.0
476,195.0,43981.0,44525.0,16249.0,119098.0,28031.0,16229.0,3354.0,13.62659323,11.96532411
477,368.0,46004.0,61576.0,23764.0,79905.0,-1.0,7803.0,-1.0,9.765346349,-1.0
478,259.0,58938.0,65973.0,20733.0,97683.0,-1.0,9227.0,-1.0,9.44586059,-1.0
479,253.0,60265.0,69864.0,28265.0,98961.0,-1.0,5789.0,-1.0,5.849779206,-1.0
480,426.0,83313.0,91851.0,35464.0,70557.0,-1.0,1040.0,-1.0,1.473985572,-1.0
481,366.0,54555.0,65382.0,25541.0,80435.0,-1.0,8081.0,-1.0,10.0466215,-1.0
482,49.0,40115.0,48696.0,22379.0,353491.0,89961.0,52433.0,10968.0,14.83290947,12.19194984
483,305.0,37255.0,42784.0,20942.0,88192.0,23777.0,12588.0,2527.0,14.27340348,10.62791774
484,474.0,33240.0,41786.0,22981.0,61831.0,14199.0,14736.0,3298.0,23.83270528,23.22698782
485,294.0,36904.0,52413.0,24895.0,91115.0,22724.0,15264.0,2733.0,16.75245569,12.02693188
486,114.0,38197.0,46936.0,23125.0,183309.0,48780.0,35208.0,7044.0,19.20691292,14.4403444
487,144.0,37797.0,53221.0,22244.0,154116.0,35862.0,28854.0,4371.0,18.72226115,12.18838882
488,443.0,42729.0,50427.0,19520.0,68437.0,-1.0,8613.0,-1.0,12.58529743,-1.0
489,373.0,29428.0,37778.0,16568.0,79174.0,18906.0,18775.0,3504.0,23.71359285,18.53379879
490,103.0,49304.0,61626.0,25826.0,192289.0,45380.0,30014.0,6260.0,15.60879718,13.79462318
491,461.0,26516.0,30881.0,13913.0,65294.0,17761.0,15865.0,3667.0,24.29779153,20.64636
492,291.0,37572.0,42143.0,18631.0,91350.0,23860.0,14371.0,3147.0,15.73180077,13.18943839
